date	close
0.053	98.46987915
0.057	98.46987915
0.061	98.46987915
0.065	941.4696655
0.069	941.4696655
0.073	941.4696655
0.077	941.4696655
0.081	941.4696655
0.085	941.4696655
0.089	941.4696655
0.093	941.4696655
0.097	941.4696655
0.101	941.4696655
0.105	941.4696655
0.109	941.4696655
0.113	1898.776733
0.117	1898.776733
0.121	1898.776733
0.125	1898.776733
0.129	1898.776733
0.133	1898.776733
0.137	1898.776733
0.141	1898.776733
0.145	1898.776733
0.149	1898.776733
0.153	1898.776733
0.157	1898.776733
0.16	1898.776733
0.164	2096.328613
0.168	2096.328613
0.172	2096.328613
0.176	2096.328613
0.18	2096.328613
0.184	2096.328613
0.188	2096.328613
0.192	2096.328613
0.196	2096.328613
0.2	2096.328613
0.204	2096.328613
0.208	2096.328613
0.212	2096.328613
0.216	2207.766846
0.22	2207.766846
0.224	2207.766846
0.228	2207.766846
0.232	2207.766846
0.236	2207.766846
0.24	2207.766846
0.243	2207.766846
0.247	2207.766846
0.251	2207.766846
0.255	2207.766846
0.259	2207.766846
0.263	2207.766846
0.267	2207.766846
0.271	2207.766846
0.275	2207.766846
0.279	2207.766846
0.283	2207.766846
0.287	2207.766846
0.291	2207.766846
0.295	2207.766846
0.299	2207.766846
0.303	2207.766846
0.307	2207.766846
0.311	2207.766846
0.315	2346.864258
0.319	2346.864258
0.323	2346.864258
0.327	2346.864258
0.33	2346.864258
0.334	2346.864258
0.338	2346.864258
0.342	2346.864258
0.346	2346.864258
0.35	2346.864258
0.354	2346.864258
0.358	2346.864258
0.362	2346.864258
0.366	2396.979248
0.37	2396.979248
0.374	2396.979248
0.378	2396.979248
0.382	2396.979248
0.386	2396.979248
0.39	2396.979248
0.394	2396.979248
0.398	2396.979248
0.402	2396.979248
0.406	2396.979248
0.41	2396.979248
0.414	2396.979248
0.418	2440.169678
0.422	2440.169678
0.426	2440.169678
0.43	2440.169678
0.433	2440.169678
0.437	2440.169678
0.441	2440.169678
0.445	2440.169678
0.449	2440.169678
0.453	2440.169678
0.457	2440.169678
0.461	2440.169678
0.465	2440.169678
0.469	2440.169678
0.473	2440.169678
0.477	2440.169678
0.481	2440.169678
0.485	2440.169678
0.489	2440.169678
0.493	2440.169678
0.497	2440.169678
0.501	2440.169678
0.505	2440.169678
0.509	2440.169678
0.513	2440.169678
0.517	2512.243164
0.521	2512.243164
0.524	2512.243164
0.528	2512.243164
0.532	2512.243164
0.536	2512.243164
0.54	2512.243164
0.544	2512.243164
0.548	2512.243164
0.552	2512.243164
0.556	2512.243164
0.56	2512.243164
0.564	2512.243164
0.568	2542.924072
0.572	2542.924072
0.576	2542.924072
0.58	2542.924072
0.584	2542.924072
0.588	2542.924072
0.592	2542.924072
0.596	2542.924072
0.6	2542.924072
0.604	2542.924072
0.608	2542.924072
0.611	2542.924072
0.615	2542.924072
0.619	2571.156494
0.623	2571.156494
0.627	2571.156494
0.631	2571.156494
0.635	2571.156494
0.639	2571.156494
0.643	2571.156494
0.647	2571.156494
0.651	2571.156494
0.655	2571.156494
0.659	2571.156494
0.663	2571.156494
0.667	2571.156494
0.671	2597.323486
0.675	2597.323486
0.679	2597.323486
0.683	2597.323486
0.687	2597.323486
0.691	2597.323486
0.695	2597.323486
0.698	2597.323486
0.702	2597.323486
0.706	2597.323486
0.71	2597.323486
0.714	2597.323486
0.718	2621.577393
0.722	2621.577393
0.726	2621.577393
0.73	2621.577393
0.734	2621.577393
0.738	2621.577393
0.742	2621.577393
0.746	2621.577393
0.75	2621.577393
0.754	2621.577393
0.758	2621.577393
0.762	2621.577393
0.766	2621.577393
0.77	2644.072021
0.774	2644.072021
0.778	2644.072021
0.782	2644.072021
0.786	2644.072021
0.79	2644.072021
0.794	2644.072021
0.797	2644.072021
0.801	2644.072021
0.805	2644.072021
0.809	2644.072021
0.813	2644.072021
0.817	2644.072021
0.821	2664.997559
0.825	2664.997559
0.829	2664.997559
0.833	2664.997559
0.837	2664.997559
0.841	2664.997559
0.845	2664.997559
0.849	2664.997559
0.853	2664.997559
0.857	2664.997559
0.861	2664.997559
0.865	2664.997559
0.869	2664.997559
0.873	2684.813965
0.877	2684.813965
0.881	2684.813965
0.885	2684.813965
0.888	2684.813965
0.892	2684.813965
0.896	2684.813965
0.9	2684.813965
0.904	2684.813965
0.908	2684.813965
0.912	2684.813965
0.916	2684.813965
0.92	2703.40625
0.924	2703.40625
0.928	2703.40625
0.932	2703.40625
0.936	2703.40625
0.94	2703.40625
0.944	2703.40625
0.948	2703.40625
0.952	2703.40625
0.956	2703.40625
0.96	2703.40625
0.964	2703.40625
0.968	2703.40625
0.971	2720.965576
0.975	2720.965576
0.979	2720.965576
0.983	2720.965576
0.987	2720.965576
0.991	2720.965576
0.995	2720.965576
0.999	2720.965576
1.003	2720.965576
1.007	2720.965576
1.011	2720.965576
1.015	2720.965576
1.019	2720.965576
1.023	2737.453613
1.027	2737.453613
1.031	2737.453613
1.035	2737.453613
1.039	2737.453613
1.043	2737.453613
1.047	2737.453613
1.051	2737.453613
1.055	2737.453613
1.059	2737.453613
1.062	2737.453613
1.066	2737.453613
1.07	2737.453613
1.074	2752.755859
1.078	2752.755859
1.082	2752.755859
1.086	2752.755859
1.09	2752.755859
1.094	2752.755859
1.098	2752.755859
1.102	2752.755859
1.106	2752.755859
1.11	2752.755859
1.114	2752.755859
1.118	2752.755859
1.122	2767.139893
1.126	2767.139893
1.13	2767.139893
1.133	2767.139893
1.137	2767.139893
1.141	2767.139893
1.145	2767.139893
1.149	2767.139893
1.153	2767.139893
1.157	2767.139893
1.161	2767.139893
1.165	2767.139893
1.169	2767.139893
1.173	2780.682373
1.177	2780.682373
1.181	2780.682373
1.185	2780.682373
1.189	2780.682373
1.193	2780.682373
1.197	2780.682373
1.201	2780.682373
1.205	2780.682373
1.209	2780.682373
1.213	2780.682373
1.217	2780.682373
1.221	2780.682373
1.224	2793.574463
1.228	2793.574463
1.232	2793.574463
1.236	2793.574463
1.24	2793.574463
1.244	2793.574463
1.248	2793.574463
1.252	2793.574463
1.256	2793.574463
1.26	2793.574463
1.264	2793.574463
1.268	2793.574463
1.272	2793.574463
1.276	2805.319092
1.28	2805.319092
1.284	2805.319092
1.288	2805.319092
1.292	2805.319092
1.296	2805.319092
1.3	2805.319092
1.304	2805.319092
1.308	2805.319092
1.312	2805.319092
1.315	2805.319092
1.319	2805.319092
1.323	2816.068848
1.327	2816.068848
1.331	2816.068848
1.335	2816.068848
1.339	2816.068848
1.343	2816.068848
1.347	2816.068848
1.351	2816.068848
1.355	2816.068848
1.359	2816.068848
1.363	2816.068848
1.367	2816.068848
1.371	2816.068848
1.375	2826.359375
1.379	2826.359375
1.383	2826.359375
1.387	2826.359375
1.391	2826.359375
1.394	2826.359375
1.398	2826.359375
1.402	2826.359375
1.406	2826.359375
1.41	2826.359375
1.414	2826.359375
1.418	2826.359375
1.422	2826.359375
1.426	2836.152832
1.43	2836.152832
1.434	2836.152832
1.438	2836.152832
1.442	2836.152832
1.446	2836.152832
1.45	2836.152832
1.454	2836.152832
1.458	2836.152832
1.462	2836.152832
1.466	2836.152832
1.47	2836.152832
1.473	2836.152832
1.477	2845.333984
1.481	2845.333984
1.485	2845.333984
1.489	2845.333984
1.493	2845.333984
1.497	2845.333984
1.501	2845.333984
1.505	2845.333984
1.509	2845.333984
1.513	2845.333984
1.517	2845.333984
1.521	2845.333984
1.525	2845.333984
1.529	2845.333984
1.533	2845.333984
1.537	2845.333984
1.541	2845.333984
1.545	2845.333984
1.549	2845.333984
1.553	2845.333984
1.556	2845.333984
1.56	2845.333984
1.564	2845.333984
1.568	2845.333984
1.572	2845.333984
1.576	2861.325195
1.58	2861.325195
1.584	2861.325195
1.588	2861.325195
1.592	2861.325195
1.596	2861.325195
1.6	2861.325195
1.604	2861.325195
1.608	2861.325195
1.612	2861.325195
1.616	2861.325195
1.62	2861.325195
1.624	2861.325195
1.628	2868.364258
1.632	2868.364258
1.636	2868.364258
1.64	2868.364258
1.643	2868.364258
1.647	2868.364258
1.651	2868.364258
1.655	2868.364258
1.659	2868.364258
1.663	2868.364258
1.667	2868.364258
1.671	2868.364258
1.675	2868.364258
1.679	2874.829346
1.683	2874.829346
1.687	2874.829346
1.691	2874.829346
1.695	2874.829346
1.699	2874.829346
1.703	2874.829346
1.707	2874.829346
1.711	2874.829346
1.715	2874.829346
1.719	2874.829346
1.723	2874.829346
1.727	2874.829346
1.731	2874.829346
1.734	2874.829346
1.738	2874.829346
1.742	2874.829346
1.746	2874.829346
1.75	2874.829346
1.754	2874.829346
1.758	2874.829346
1.762	2874.829346
1.766	2874.829346
1.77	2874.829346
1.774	2874.829346
1.778	2886.5354
1.782	2886.5354
1.786	2886.5354
1.79	2886.5354
1.794	2886.5354
1.798	2886.5354
1.802	2886.5354
1.806	2886.5354
1.81	2886.5354
1.814	2886.5354
1.818	2886.5354
1.821	2886.5354
1.825	2886.5354
1.829	2891.241211
1.833	2891.241211
1.837	2891.241211
1.841	2891.241211
1.845	2891.241211
1.849	2891.241211
1.853	2891.241211
1.857	2891.241211
1.861	2891.241211
1.865	2891.241211
1.869	2891.241211
1.873	2891.241211
1.877	2891.241211
1.881	2895.334229
1.885	2895.334229
1.889	2895.334229
1.893	2895.334229
1.897	2895.334229
1.901	2895.334229
1.905	2895.334229
1.909	2895.334229
1.912	2895.334229
1.916	2895.334229
1.92	2895.334229
1.924	2895.334229
1.928	2895.334229
1.932	2895.334229
1.936	2895.334229
1.94	2895.334229
1.944	2895.334229
1.948	2895.334229
1.952	2895.334229
1.956	2895.334229
1.96	2895.334229
1.964	2895.334229
1.968	2895.334229
1.972	2895.334229
1.976	2895.334229
1.98	2903.406006
1.984	2903.406006
1.988	2903.406006
1.992	2903.406006
1.996	2903.406006
2	2903.406006
2.004	2903.406006
2.008	2903.406006
2.011	2903.406006
2.015	2903.406006
2.019	2903.406006
2.023	2903.406006
2.027	2903.406006
2.031	2906.772461
2.035	2906.772461
2.039	2906.772461
2.043	2906.772461
2.047	2906.772461
2.051	2906.772461
2.055	2906.772461
2.059	2906.772461
2.063	2906.772461
2.067	2906.772461
2.071	2906.772461
2.075	2906.772461
2.079	2906.772461
2.083	2910.406982
2.087	2910.406982
2.09	2910.406982
2.094	2910.406982
2.098	2910.406982
2.102	2910.406982
2.106	2910.406982
2.11	2910.406982
2.114	2910.406982
2.118	2910.406982
2.122	2910.406982
2.126	2910.406982
2.13	2910.406982
2.134	2913.658691
2.138	2913.658691
2.142	2913.658691
2.146	2913.658691
2.15	2913.658691
2.154	2913.658691
2.158	2913.658691
2.162	2913.658691
2.166	2913.658691
2.17	2913.658691
2.173	2913.658691
2.177	2913.658691
2.181	2915.877441
2.185	2915.877441
2.189	2915.877441
2.193	2915.877441
2.197	2915.877441
2.201	2915.877441
2.205	2915.877441
2.209	2915.877441
2.213	2915.877441
2.217	2915.877441
2.221	2915.877441
2.225	2915.877441
2.229	2915.877441
2.233	2917.561035
2.237	2917.561035
2.241	2917.561035
2.245	2917.561035
2.249	2917.561035
2.252	2917.561035
2.256	2917.561035
2.26	2917.561035
2.264	2917.561035
2.268	2917.561035
2.272	2917.561035
2.276	2917.561035
2.28	2917.561035
2.284	2918.631836
2.288	2918.631836
2.292	2918.631836
2.296	2918.631836
2.3	2918.631836
2.304	2918.631836
2.308	2918.631836
2.312	2918.631836
2.316	2918.631836
2.32	2918.631836
2.324	2918.631836
2.328	2918.631836
2.331	2918.631836
2.335	2919.741455
2.339	2919.741455
2.343	2919.741455
2.347	2919.741455
2.351	2919.741455
2.355	2919.741455
2.359	2919.741455
2.363	2919.741455
2.367	2919.741455
2.371	2919.741455
2.375	2919.741455
2.379	2919.741455
2.383	2921.080322
2.387	2921.080322
2.391	2921.080322
2.395	2921.080322
2.399	2921.080322
2.403	2921.080322
2.407	2921.080322
2.411	2921.080322
2.414	2921.080322
2.418	2921.080322
2.422	2921.080322
2.426	2921.080322
2.43	2921.080322
2.434	2922.074707
2.438	2922.074707
2.442	2922.074707
2.446	2922.074707
2.45	2922.074707
2.454	2922.074707
2.458	2922.074707
2.462	2922.074707
2.466	2922.074707
2.47	2922.074707
2.474	2922.074707
2.478	2922.074707
2.482	2922.074707
2.486	2922.53418
2.49	2922.53418
2.493	2922.53418
2.497	2922.53418
2.501	2922.53418
2.505	2922.53418
2.509	2922.53418
2.513	2922.53418
2.517	2922.53418
2.521	2922.53418
2.525	2922.53418
2.529	2922.53418
2.533	2922.53418
2.537	2923.375732
2.541	2923.375732
2.545	2923.375732
2.549	2923.375732
2.553	2923.375732
2.557	2923.375732
2.561	2923.375732
2.565	2923.375732
2.569	2923.375732
2.573	2923.375732
2.576	2923.375732
2.58	2923.375732
2.584	2923.375732
2.588	2923.375732
2.592	2923.375732
2.596	2923.375732
2.6	2923.375732
2.604	2923.375732
2.608	2923.375732
2.612	2923.375732
2.616	2923.375732
2.62	2923.375732
2.624	2923.375732
2.628	2923.375732
2.632	2923.375732
2.636	2925.862305
2.64	2925.862305
2.644	2925.862305
2.648	2925.862305
2.652	2925.862305
2.655	2925.862305
2.659	2925.862305
2.663	2925.862305
2.667	2925.862305
2.671	2925.862305
2.675	2925.862305
2.679	2925.862305
2.683	2925.862305
2.687	2926.818604
2.691	2926.818604
2.695	2926.818604
2.699	2926.818604
2.703	2926.818604
2.707	2926.818604
2.711	2926.818604
2.715	2926.818604
2.719	2926.818604
2.723	2926.818604
2.727	2926.818604
2.731	2926.818604
2.735	2926.818604
2.739	2927.08667
2.742	2927.08667
2.746	2927.08667
2.75	2927.08667
2.754	2927.08667
2.758	2927.08667
2.762	2927.08667
2.766	2927.08667
2.77	2927.08667
2.774	2927.08667
2.778	2927.08667
2.782	2927.08667
2.786	2927.08667
2.79	2927.392578
2.794	2927.392578
2.798	2927.392578
2.802	2927.392578
2.806	2927.392578
2.81	2927.392578
2.814	2927.392578
2.818	2927.392578
2.821	2927.392578
2.825	2927.392578
2.829	2927.392578
2.833	2927.392578
2.837	2928.463623
2.841	2928.463623
2.845	2928.463623
2.849	2928.463623
2.853	2928.463623
2.857	2928.463623
2.861	2928.463623
2.865	2928.463623
2.869	2928.463623
2.873	2928.463623
2.877	2928.463623
2.881	2928.463623
2.885	2928.463623
2.889	2929.075684
2.893	2929.075684
2.897	2929.075684
2.901	2929.075684
2.904	2929.075684
2.908	2929.075684
2.912	2929.075684
2.916	2929.075684
2.92	2929.075684
2.924	2929.075684
2.928	2929.075684
2.932	2929.075684
2.936	2929.075684
2.94	2929.305176
2.944	2929.305176
2.948	2929.305176
2.952	2929.305176
2.956	2929.305176
2.96	2929.305176
2.964	2929.305176
2.968	2929.305176
2.972	2929.305176
2.976	2929.305176
2.98	2929.305176
2.983	2929.305176
2.987	2929.305176
2.991	2929.534912
2.995	2929.534912
2.999	2929.534912
3.003	2929.534912
3.007	2929.534912
3.011	2929.534912
3.015	2929.534912
3.019	2929.534912
3.023	2929.534912
3.027	2929.534912
3.031	2929.534912
3.035	2929.534912
3.039	2929.190674
3.043	2929.190674
3.047	2929.190674
3.051	2929.190674
3.055	2929.190674
3.058	2929.190674
3.062	2929.190674
3.066	2929.190674
3.07	2929.190674
3.074	2929.190674
3.078	2929.190674
3.082	2929.190674
3.086	2929.190674
3.09	2928.425293
3.094	2928.425293
3.098	2928.425293
3.102	2928.425293
3.106	2928.425293
3.11	2928.425293
3.114	2928.425293
3.118	2928.425293
3.122	2928.425293
3.126	2928.425293
3.13	2928.425293
3.133	2928.425293
3.137	2928.425293
3.141	2927.621826
3.145	2927.621826
3.149	2927.621826
3.153	2927.621826
3.157	2927.621826
3.161	2927.621826
3.165	2927.621826
3.169	2927.621826
3.173	2927.621826
3.177	2927.621826
3.181	2927.621826
3.185	2927.621826
3.189	2927.621826
3.193	2926.780518
3.197	2926.780518
3.201	2926.780518
3.205	2926.780518
3.209	2926.780518
3.213	2926.780518
3.216	2926.780518
3.22	2926.780518
3.224	2926.780518
3.228	2926.780518
3.232	2926.780518
3.236	2926.780518
3.24	2926.780518
3.244	2926.780518
3.248	2926.780518
3.252	2926.780518
3.256	2926.780518
3.26	2926.780518
3.264	2926.780518
3.268	2926.780518
3.272	2926.780518
3.276	2926.780518
3.28	2926.780518
3.284	2926.780518
3.288	2926.780518
3.292	2924.178955
3.296	2924.178955
3.3	2924.178955
3.304	2924.178955
3.307	2924.178955
3.311	2924.178955
3.315	2924.178955
3.319	2924.178955
3.323	2924.178955
3.327	2924.178955
3.331	2924.178955
3.335	2924.178955
3.339	2924.178955
3.343	2921.806885
3.347	2921.806885
3.351	2921.806885
3.355	2921.806885
3.359	2921.806885
3.363	2921.806885
3.367	2921.806885
3.371	2921.806885
3.375	2921.806885
3.379	2921.806885
3.383	2921.806885
3.387	2921.806885
3.391	2921.806885
3.394	2919.435547
3.398	2919.435547
3.402	2919.435547
3.406	2919.435547
3.41	2919.435547
3.414	2919.435547
3.418	2919.435547
3.422	2919.435547
3.426	2919.435547
3.43	2919.435547
3.434	2919.435547
3.438	2919.435547
3.442	2919.435547
3.446	2917.484131
3.45	2917.484131
3.454	2917.484131
3.458	2917.484131
3.462	2917.484131
3.466	2917.484131
3.47	2917.484131
3.474	2917.484131
3.478	2917.484131
3.481	2917.484131
3.485	2917.484131
3.489	2917.484131
3.493	2915.533203
3.497	2915.533203
3.501	2915.533203
3.505	2915.533203
3.509	2915.533203
3.513	2915.533203
3.517	2915.533203
3.521	2915.533203
3.525	2915.533203
3.529	2915.533203
3.533	2915.533203
3.537	2915.533203
3.541	2915.533203
3.545	2913.697021
3.549	2913.697021
3.553	2913.697021
3.556	2913.697021
3.56	2913.697021
3.564	2913.697021
3.568	2913.697021
3.572	2913.697021
3.576	2913.697021
3.58	2913.697021
3.584	2913.697021
3.588	2913.697021
3.592	2913.697021
3.596	2911.746094
3.6	2911.746094
3.604	2911.746094
3.608	2911.746094
3.612	2911.746094
3.616	2911.746094
3.62	2911.746094
3.624	2911.746094
3.628	2911.746094
3.632	2911.746094
3.635	2911.746094
3.639	2911.746094
3.643	2911.746094
3.647	2909.182617
3.651	2909.182617
3.655	2909.182617
3.659	2909.182617
3.663	2909.182617
3.667	2909.182617
3.671	2909.182617
3.675	2909.182617
3.679	2909.182617
3.683	2909.182617
3.687	2909.182617
3.691	2909.182617
3.695	2906.083984
3.699	2906.083984
3.703	2906.083984
3.707	2906.083984
3.711	2906.083984
3.714	2906.083984
3.718	2906.083984
3.722	2906.083984
3.726	2906.083984
3.73	2906.083984
3.734	2906.083984
3.738	2906.083984
3.742	2906.083984
3.746	2902.87085
3.75	2902.87085
3.754	2902.87085
3.758	2902.87085
3.762	2902.87085
3.766	2902.87085
3.77	2902.87085
3.774	2902.87085
3.778	2902.87085
3.782	2902.87085
3.786	2902.87085
3.79	2902.87085
3.794	2902.87085
3.798	2899.580811
3.801	2899.580811
3.805	2899.580811
3.809	2899.580811
3.813	2899.580811
3.817	2899.580811
3.821	2899.580811
3.825	2899.580811
3.829	2899.580811
3.833	2899.580811
3.837	2899.580811
3.841	2899.580811
3.845	2899.580811
3.849	2896.482178
3.853	2896.482178
3.857	2896.482178
3.861	2896.482178
3.865	2896.482178
3.869	2896.482178
3.873	2896.482178
3.877	2896.482178
3.881	2896.482178
3.885	2896.482178
3.889	2896.482178
3.892	2896.482178
3.896	2893.842285
3.9	2893.842285
3.904	2893.842285
3.908	2893.842285
3.912	2893.842285
3.916	2893.842285
3.92	2893.842285
3.924	2893.842285
3.928	2893.842285
3.932	2893.842285
3.936	2893.842285
3.94	2893.842285
3.944	2893.842285
3.948	2891.164307
3.952	2891.164307
3.956	2891.164307
3.96	2891.164307
3.964	2891.164307
3.968	2891.164307
3.972	2891.164307
3.976	2891.164307
3.979	2891.164307
3.983	2891.164307
3.987	2891.164307
3.991	2891.164307
3.995	2891.164307
3.999	2888.027344
4.004	2888.027344
4.008	2888.027344
4.012	2888.027344
4.016	2888.027344
4.02	2888.027344
4.024	2888.027344
4.028	2888.027344
4.032	2888.027344
4.036	2888.027344
4.04	2888.027344
4.044	2888.027344
4.048	2888.027344
4.052	2888.027344
4.056	2888.027344
4.06	2888.027344
4.063	2888.027344
4.067	2888.027344
4.071	2888.027344
4.075	2888.027344
4.079	2888.027344
4.083	2888.027344
4.087	2888.027344
4.091	2888.027344
4.095	2888.027344
4.099	2879.878906
4.103	2879.878906
4.107	2879.878906
4.111	2879.878906
4.115	2879.878906
4.119	2879.878906
4.123	2879.878906
4.127	2879.878906
4.131	2879.878906
4.134	2879.878906
4.138	2879.878906
4.142	2879.878906
4.146	2879.878906
4.15	2876.129883
4.154	2876.129883
4.158	2876.129883
4.162	2876.129883
4.166	2876.129883
4.17	2876.129883
4.174	2876.129883
4.178	2876.129883
4.182	2876.129883
4.186	2876.129883
4.19	2876.129883
4.194	2876.129883
4.198	2876.129883
4.202	2872.878418
4.205	2872.878418
4.209	2872.878418
4.213	2872.878418
4.217	2872.878418
4.221	2872.878418
4.225	2872.878418
4.229	2872.878418
4.233	2872.878418
4.237	2872.878418
4.241	2872.878418
4.245	2872.878418
4.249	2872.878418
4.253	2869.817627
4.257	2869.817627
4.261	2869.817627
4.265	2869.817627
4.269	2869.817627
4.273	2869.817627
4.276	2869.817627
4.28	2869.817627
4.284	2869.817627
4.288	2869.817627
4.292	2869.817627
4.296	2869.817627
4.3	2866.183838
4.304	2866.183838
4.308	2866.183838
4.312	2866.183838
4.316	2866.183838
4.32	2866.183838
4.324	2866.183838
4.328	2866.183838
4.332	2866.183838
4.336	2866.183838
4.34	2866.183838
4.344	2866.183838
4.348	2866.183838
4.352	2861.89917
4.355	2861.89917
4.359	2861.89917
4.363	2861.89917
4.367	2861.89917
4.371	2861.89917
4.375	2861.89917
4.379	2861.89917
4.383	2861.89917
4.387	2861.89917
4.391	2861.89917
4.395	2861.89917
4.399	2861.89917
4.403	2856.581299
4.407	2856.581299
4.411	2856.581299
4.415	2856.581299
4.419	2856.581299
4.423	2856.581299
4.427	2856.581299
4.431	2856.581299
4.435	2856.581299
4.438	2856.581299
4.442	2856.581299
4.446	2856.581299
4.45	2856.581299
4.454	2850.689941
4.458	2850.689941
4.462	2850.689941
4.466	2850.689941
4.47	2850.689941
4.474	2850.689941
4.478	2850.689941
4.482	2850.689941
4.486	2850.689941
4.49	2850.689941
4.494	2850.689941
4.498	2850.689941
4.502	2850.689941
4.506	2850.689941
4.51	2850.689941
4.514	2850.689941
4.517	2850.689941
4.521	2850.689941
4.525	2850.689941
4.529	2850.689941
4.533	2850.689941
4.537	2850.689941
4.541	2850.689941
4.545	2850.689941
4.549	2850.689941
4.553	2839.787109
4.557	2839.787109
4.561	2839.787109
4.565	2839.787109
4.569	2839.787109
4.573	2839.787109
4.577	2839.787109
4.581	2839.787109
4.585	2839.787109
4.589	2839.787109
4.592	2839.787109
4.596	2839.787109
4.6	2839.787109
4.604	2833.704346
4.608	2833.704346
4.612	2833.704346
4.616	2833.704346
4.62	2833.704346
4.624	2833.704346
4.628	2833.704346
4.632	2833.704346
4.636	2833.704346
4.64	2833.704346
4.644	2833.704346
4.648	2833.704346
4.652	2833.704346
4.656	2827.277344
4.66	2827.277344
4.663	2827.277344
4.667	2827.277344
4.671	2827.277344
4.675	2827.277344
4.679	2827.277344
4.683	2827.277344
4.687	2827.277344
4.691	2827.277344
4.695	2827.277344
4.699	2827.277344
4.703	2827.277344
4.707	2820.315186
4.711	2820.315186
4.715	2820.315186
4.719	2820.315186
4.723	2820.315186
4.727	2820.315186
4.731	2820.315186
4.735	2820.315186
4.738	2820.315186
4.742	2820.315186
4.746	2820.315186
4.75	2820.315186
4.754	2812.932129
4.758	2812.932129
4.762	2812.932129
4.766	2812.932129
4.77	2812.932129
4.774	2812.932129
4.778	2812.932129
4.782	2812.932129
4.786	2812.932129
4.79	2812.932129
4.794	2812.932129
4.798	2812.932129
4.802	2812.932129
4.806	2805.089355
4.81	2805.089355
4.814	2805.089355
4.818	2805.089355
4.821	2805.089355
4.825	2805.089355
4.829	2805.089355
4.833	2805.089355
4.837	2805.089355
4.841	2805.089355
4.845	2805.089355
4.849	2805.089355
4.853	2805.089355
4.857	2796.902588
4.861	2796.902588
4.865	2796.902588
4.869	2796.902588
4.873	2796.902588
4.877	2796.902588
4.881	2796.902588
4.885	2796.902588
4.889	2796.902588
4.893	2796.902588
4.897	2796.902588
4.9	2796.902588
4.904	2796.902588
4.908	2788.295166
4.912	2788.295166
4.916	2788.295166
4.92	2788.295166
4.924	2788.295166
4.928	2788.295166
4.932	2788.295166
4.936	2788.295166
4.94	2788.295166
4.944	2788.295166
4.948	2788.295166
4.952	2788.295166
4.956	2788.295166
4.96	2788.295166
4.964	2788.295166
4.968	2788.295166
4.972	2788.295166
4.975	2788.295166
4.979	2788.295166
4.983	2788.295166
4.987	2788.295166
4.991	2788.295166
4.995	2788.295166
4.999	2788.295166
5.003	2788.295166
5.007	2769.702881
5.011	2769.702881
5.015	2769.702881
5.019	2769.702881
5.023	2769.702881
5.027	2769.702881
5.031	2769.702881
5.035	2769.702881
5.039	2769.702881
5.043	2769.702881
5.047	2769.702881
5.051	2769.702881
5.054	2769.702881
5.058	2760.521484
5.062	2760.521484
5.066	2760.521484
5.07	2760.521484
5.074	2760.521484
5.078	2760.521484
5.082	2760.521484
5.086	2760.521484
5.09	2760.521484
5.094	2760.521484
5.098	2760.521484
5.102	2760.521484
5.106	2760.521484
5.11	2751.14917
5.114	2751.14917
5.118	2751.14917
5.122	2751.14917
5.125	2751.14917
5.129	2751.14917
5.133	2751.14917
5.137	2751.14917
5.141	2751.14917
5.145	2751.14917
5.149	2751.14917
5.153	2751.14917
5.157	2751.14917
5.161	2741.891113
5.165	2741.891113
5.169	2741.891113
5.173	2741.891113
5.177	2741.891113
5.181	2741.891113
5.185	2741.891113
5.189	2741.891113
5.193	2741.891113
5.197	2741.891113
5.2	2741.891113
5.204	2741.891113
5.208	2733.5896
5.212	2733.5896
5.216	2733.5896
5.22	2733.5896
5.224	2733.5896
5.228	2733.5896
5.232	2733.5896
5.236	2733.5896
5.24	2733.5896
5.244	2733.5896
5.248	2733.5896
5.252	2733.5896
5.256	2733.5896
5.26	2725.135498
5.264	2725.135498
5.268	2725.135498
5.272	2725.135498
5.276	2725.135498
5.28	2725.135498
5.284	2725.135498
5.288	2725.135498
5.291	2725.135498
5.295	2725.135498
5.299	2725.135498
5.303	2725.135498
5.307	2725.135498
5.311	2716.527588
5.315	2716.527588
5.319	2716.527588
5.323	2716.527588
5.327	2716.527588
5.331	2716.527588
5.335	2716.527588
5.339	2716.527588
5.343	2716.527588
5.347	2716.527588
5.351	2716.527588
5.355	2716.527588
5.359	2716.527588
5.363	2708.723633
5.367	2708.723633
5.37	2708.723633
5.374	2708.723633
5.378	2708.723633
5.382	2708.723633
5.386	2708.723633
5.39	2708.723633
5.394	2708.723633
5.398	2708.723633
5.402	2708.723633
5.406	2708.723633
5.41	2708.723633
5.414	2708.723633
5.418	2708.723633
5.422	2708.723633
5.426	2708.723633
5.43	2708.723633
5.434	2708.723633
5.438	2708.723633
5.442	2708.723633
5.446	2708.723633
5.45	2708.723633
5.453	2708.723633
5.457	2708.723633
5.461	2696.328613
5.465	2696.328613
5.469	2696.328613
5.473	2696.328613
5.477	2696.328613
5.481	2696.328613
5.485	2696.328613
5.489	2696.328613
5.493	2696.328613
5.497	2696.328613
5.501	2696.328613
5.505	2696.328613
5.509	2696.328613
5.513	2690.743408
5.517	2690.743408
5.521	2690.743408
5.525	2690.743408
5.529	2690.743408
5.533	2690.743408
5.536	2690.743408
5.54	2690.743408
5.544	2690.743408
5.548	2690.743408
5.552	2690.743408
5.556	2690.743408
5.56	2690.743408
5.564	2685.502441
5.568	2685.502441
5.572	2685.502441
5.576	2685.502441
5.58	2685.502441
5.584	2685.502441
5.588	2685.502441
5.592	2685.502441
5.596	2685.502441
5.6	2685.502441
5.604	2685.502441
5.608	2685.502441
5.611	2685.502441
5.615	2680.758545
5.619	2680.758545
5.623	2680.758545
5.627	2680.758545
5.631	2680.758545
5.635	2680.758545
5.639	2680.758545
5.643	2680.758545
5.647	2680.758545
5.651	2680.758545
5.655	2680.758545
5.659	2680.758545
5.663	2676.282959
5.667	2676.282959
5.671	2676.282959
5.675	2676.282959
5.679	2676.282959
5.683	2676.282959
5.687	2676.282959
5.69	2676.282959
5.694	2676.282959
5.698	2676.282959
5.702	2676.282959
5.706	2676.282959
5.71	2676.282959
5.714	2673.298828
5.718	2673.298828
5.722	2673.298828
5.726	2673.298828
5.73	2673.298828
5.734	2673.298828
5.738	2673.298828
5.742	2673.298828
5.746	2673.298828
5.75	2673.298828
5.754	2673.298828
5.758	2673.298828
5.762	2673.298828
5.766	2671.462646
5.769	2671.462646
5.773	2671.462646
5.777	2671.462646
5.781	2671.462646
5.785	2671.462646
5.789	2671.462646
5.793	2671.462646
5.797	2671.462646
5.801	2671.462646
5.805	2671.462646
5.809	2671.462646
5.813	2671.462646
5.817	2668.784668
5.821	2668.784668
5.825	2668.784668
5.829	2668.784668
5.833	2668.784668
5.837	2668.784668
5.841	2668.784668
5.844	2668.784668
5.848	2668.784668
5.852	2668.784668
5.856	2668.784668
5.86	2668.784668
5.864	2666.22168
5.868	2666.22168
5.872	2666.22168
5.876	2666.22168
5.88	2666.22168
5.884	2666.22168
5.888	2666.22168
5.892	2666.22168
5.896	2666.22168
5.9	2666.22168
5.904	2666.22168
5.908	2666.22168
5.912	2666.22168
5.916	2664.155762
5.919	2664.155762
5.923	2664.155762
5.927	2664.155762
5.931	2664.155762
5.935	2664.155762
5.939	2664.155762
5.943	2664.155762
5.947	2664.155762
5.951	2664.155762
5.955	2664.155762
5.959	2664.155762
5.963	2664.155762
5.967	2661.975342
5.971	2661.975342
5.975	2661.975342
5.979	2661.975342
5.983	2661.975342
5.987	2661.975342
5.991	2661.975342
5.995	2661.975342
5.999	2661.975342
6.002	2661.975342
6.006	2661.975342
6.01	2661.975342
6.014	2661.975342
6.018	2659.986328
6.022	2659.986328
6.026	2659.986328
6.03	2659.986328
6.034	2659.986328
6.038	2659.986328
6.042	2659.986328
6.046	2659.986328
6.05	2659.986328
6.054	2659.986328
6.058	2659.986328
6.062	2659.986328
6.066	2659.986328
6.07	2659.986328
6.074	2659.986328
6.078	2659.986328
6.082	2659.986328
6.086	2659.986328
6.089	2659.986328
6.093	2659.986328
6.097	2659.986328
6.101	2659.986328
6.105	2659.986328
6.109	2659.986328
6.113	2659.986328
6.117	2654.898193
6.121	2654.898193
6.125	2654.898193
6.129	2654.898193
6.133	2654.898193
6.137	2654.898193
6.141	2654.898193
6.145	2654.898193
6.149	2654.898193
6.153	2654.898193
6.157	2654.898193
6.161	2654.898193
6.165	2654.898193
6.169	2652.832275
6.173	2652.832275
6.177	2652.832275
6.181	2652.832275
6.184	2652.832275
6.188	2652.832275
6.192	2652.832275
6.196	2652.832275
6.2	2652.832275
6.204	2652.832275
6.208	2652.832275
6.212	2652.832275
6.216	2652.832275
6.22	2650.957764
6.224	2650.957764
6.228	2650.957764
6.232	2650.957764
6.236	2650.957764
6.24	2650.957764
6.244	2650.957764
6.248	2650.957764
6.252	2650.957764
6.256	2650.957764
6.26	2650.957764
6.264	2650.957764
6.268	2650.957764
6.272	2650.957764
6.276	2650.957764
6.28	2650.957764
6.283	2650.957764
6.287	2650.957764
6.291	2650.957764
6.295	2650.957764
6.299	2650.957764
6.303	2650.957764
6.307	2650.957764
6.311	2650.957764
6.315	2650.957764
6.319	2645.448975
6.323	2645.448975
6.327	2645.448975
6.331	2645.448975
6.335	2645.448975
6.339	2645.448975
6.343	2645.448975
6.347	2645.448975
6.351	2645.448975
6.355	2645.448975
6.359	2645.448975
6.363	2645.448975
6.367	2645.448975
6.371	2642.809082
6.375	2642.809082
6.379	2642.809082
6.382	2642.809082
6.386	2642.809082
6.39	2642.809082
6.394	2642.809082
6.398	2642.809082
6.402	2642.809082
6.406	2642.809082
6.41	2642.809082
6.414	2642.809082
6.418	2642.809082
6.422	2640.628662
6.426	2640.628662
6.43	2640.628662
6.434	2640.628662
6.438	2640.628662
6.442	2640.628662
6.446	2640.628662
6.45	2640.628662
6.454	2640.628662
6.457	2640.628662
6.461	2640.628662
6.465	2640.628662
6.469	2640.628662
6.473	2638.563232
6.477	2638.563232
6.481	2638.563232
6.485	2638.563232
6.489	2638.563232
6.493	2638.563232
6.497	2638.563232
6.501	2638.563232
6.505	2638.563232
6.509	2638.563232
6.513	2638.563232
6.517	2638.563232
6.521	2636.458984
6.525	2636.458984
6.529	2636.458984
6.532	2636.458984
6.536	2636.458984
6.54	2636.458984
6.544	2636.458984
6.548	2636.458984
6.552	2636.458984
6.556	2636.458984
6.56	2636.458984
6.564	2636.458984
6.568	2636.458984
6.572	2633.627686
6.576	2633.627686
6.58	2633.627686
6.584	2633.627686
6.588	2633.627686
6.592	2633.627686
6.596	2633.627686
6.6	2633.627686
6.604	2633.627686
6.608	2633.627686
6.611	2633.627686
6.615	2633.627686
6.619	2633.627686
6.623	2630.644287
6.627	2630.644287
6.631	2630.644287
6.635	2630.644287
6.639	2630.644287
6.643	2630.644287
6.647	2630.644287
6.651	2630.644287
6.655	2630.644287
6.659	2630.644287
6.663	2630.644287
6.667	2630.644287
6.671	2630.644287
6.675	2628.080811
6.679	2628.080811
6.683	2628.080811
6.687	2628.080811
6.691	2628.080811
6.694	2628.080811
6.698	2628.080811
6.702	2628.080811
6.706	2628.080811
6.71	2628.080811
6.714	2628.080811
6.718	2628.080811
6.722	2625.900391
6.726	2625.900391
6.73	2625.900391
6.734	2625.900391
6.738	2625.900391
6.742	2625.900391
6.746	2625.900391
6.75	2625.900391
6.754	2625.900391
6.758	2625.900391
6.762	2625.900391
6.766	2625.900391
6.77	2625.900391
6.774	2623.451904
6.777	2623.451904
6.781	2623.451904
6.785	2623.451904
6.789	2623.451904
6.793	2623.451904
6.797	2623.451904
6.801	2623.451904
6.805	2623.451904
6.809	2623.451904
6.813	2623.451904
6.817	2623.451904
6.821	2623.451904
6.825	2621.692139
6.829	2621.692139
6.833	2621.692139
6.837	2621.692139
6.841	2621.692139
6.845	2621.692139
6.849	2621.692139
6.853	2621.692139
6.856	2621.692139
6.86	2621.692139
6.864	2621.692139
6.868	2621.692139
6.872	2621.692139
6.876	2620.315186
6.88	2620.315186
6.884	2620.315186
6.888	2620.315186
6.892	2620.315186
6.896	2620.315186
6.9	2620.315186
6.904	2620.315186
6.908	2620.315186
6.912	2620.315186
6.916	2620.315186
6.92	2620.315186
6.924	2620.315186
6.928	2620.315186
6.931	2620.315186
6.935	2620.315186
6.939	2620.315186
6.943	2620.315186
6.947	2620.315186
6.951	2620.315186
6.955	2620.315186
6.959	2620.315186
6.963	2620.315186
6.967	2620.315186
6.971	2620.315186
6.975	2617.101318
6.979	2617.101318
6.983	2617.101318
6.987	2617.101318
6.991	2617.101318
6.995	2617.101318
6.999	2617.101318
7.003	2617.101318
7.006	2617.101318
7.01	2617.101318
7.014	2617.101318
7.018	2617.101318
7.022	2617.101318
7.026	2617.216553
7.03	2617.216553
7.034	2617.216553
7.038	2617.216553
7.042	2617.216553
7.046	2617.216553
7.05	2617.216553
7.054	2617.216553
7.058	2617.216553
7.062	2617.216553
7.066	2617.216553
7.07	2617.216553
7.074	2617.216553
7.078	2617.752197
7.082	2617.752197
7.085	2617.752197
7.089	2617.752197
7.093	2617.752197
7.097	2617.752197
7.101	2617.752197
7.105	2617.752197
7.109	2617.752197
7.113	2617.752197
7.117	2617.752197
7.121	2617.752197
7.125	2617.752197
7.129	2616.948486
7.133	2616.948486
7.137	2616.948486
7.141	2616.948486
7.145	2616.948486
7.149	2616.948486
7.153	2616.948486
7.156	2616.948486
7.16	2616.948486
7.164	2616.948486
7.168	2616.948486
7.172	2616.948486
7.176	2615.342041
7.18	2615.342041
7.184	2615.342041
7.188	2615.342041
7.192	2615.342041
7.196	2615.342041
7.2	2615.342041
7.204	2615.342041
7.208	2615.342041
7.212	2615.342041
7.216	2615.342041
7.22	2615.342041
7.224	2615.342041
7.228	2613.084717
7.232	2613.084717
7.236	2613.084717
7.239	2613.084717
7.243	2613.084717
7.247	2613.084717
7.251	2613.084717
7.255	2613.084717
7.259	2613.084717
7.263	2613.084717
7.267	2613.084717
7.271	2613.084717
7.275	2613.084717
7.279	2610.02417
7.283	2610.02417
7.287	2610.02417
7.291	2610.02417
7.295	2610.02417
7.299	2610.02417
7.303	2610.02417
7.307	2610.02417
7.311	2610.02417
7.314	2610.02417
7.318	2610.02417
7.322	2610.02417
7.326	2610.02417
7.33	2607.231689
7.334	2607.231689
7.338	2607.231689
7.342	2607.231689
7.346	2607.231689
7.35	2607.231689
7.354	2607.231689
7.358	2607.231689
7.362	2607.231689
7.366	2607.231689
7.37	2607.231689
7.374	2607.231689
7.378	2607.231689
7.382	2607.231689
7.386	2607.231689
7.39	2607.231689
7.394	2607.231689
7.397	2607.231689
7.401	2607.231689
7.405	2607.231689
7.409	2607.231689
7.413	2607.231689
7.417	2607.231689
7.421	2607.231689
7.425	2607.231689
7.429	2601.416748
7.433	2601.416748
7.437	2601.416748
7.441	2601.416748
7.445	2601.416748
7.449	2601.416748
7.453	2601.416748
7.457	2601.416748
7.461	2601.416748
7.465	2601.416748
7.469	2601.416748
7.473	2601.416748
7.477	2601.416748
7.481	2600.498535
7.485	2600.498535
7.489	2600.498535
7.492	2600.498535
7.496	2600.498535
7.5	2600.498535
7.504	2600.498535
7.508	2600.498535
7.512	2600.498535
7.516	2600.498535
7.52	2600.498535
7.524	2600.498535
7.528	2600.498535
7.532	2599.50415
7.536	2599.50415
7.54	2599.50415
7.544	2599.50415
7.548	2599.50415
7.552	2599.50415
7.556	2599.50415
7.559	2599.50415
7.563	2599.50415
7.567	2599.50415
7.571	2599.50415
7.575	2599.50415
7.579	2599.50415
7.583	2597.858887
7.587	2597.858887
7.591	2597.858887
7.595	2597.858887
7.599	2597.858887
7.603	2597.858887
7.607	2597.858887
7.611	2597.858887
7.615	2597.858887
7.619	2597.858887
7.623	2597.858887
7.627	2597.858887
7.631	2595.066162
7.635	2595.066162
7.638	2595.066162
7.642	2595.066162
7.646	2595.066162
7.65	2595.066162
7.654	2595.066162
7.658	2595.066162
7.662	2595.066162
7.666	2595.066162
7.67	2595.066162
7.674	2595.066162
7.678	2595.066162
7.682	2591.164551
7.686	2591.164551
7.69	2591.164551
7.694	2591.164551
7.698	2591.164551
7.702	2591.164551
7.705	2591.164551
7.709	2591.164551
7.713	2591.164551
7.717	2591.164551
7.721	2591.164551
7.725	2591.164551
7.729	2591.164551
7.733	2585.770264
7.737	2585.770264
7.741	2585.770264
7.745	2585.770264
7.749	2585.770264
7.753	2585.770264
7.757	2585.770264
7.761	2585.770264
7.765	2585.770264
7.769	2585.770264
7.773	2585.770264
7.777	2585.770264
7.78	2585.770264
7.784	2580.375977
7.788	2580.375977
7.792	2580.375977
7.796	2580.375977
7.8	2580.375977
7.804	2580.375977
7.808	2580.375977
7.812	2580.375977
7.816	2580.375977
7.82	2580.375977
7.824	2580.375977
7.828	2580.375977
7.832	2580.375977
7.836	2580.375977
7.84	2580.375977
7.843	2580.375977
7.847	2580.375977
7.851	2580.375977
7.855	2580.375977
7.859	2580.375977
7.863	2580.375977
7.867	2580.375977
7.871	2580.375977
7.875	2580.375977
7.879	2580.375977
7.883	2572.380615
7.887	2572.380615
7.891	2572.380615
7.895	2572.380615
7.899	2572.380615
7.903	2572.380615
7.907	2572.380615
7.91	2572.380615
7.914	2572.380615
7.918	2572.380615
7.922	2572.380615
7.926	2572.380615
7.93	2572.380615
7.934	2568.937744
7.938	2568.937744
7.942	2568.937744
7.946	2568.937744
7.95	2568.937744
7.954	2568.937744
7.958	2568.937744
7.962	2568.937744
7.966	2568.937744
7.97	2568.937744
7.974	2568.937744
7.978	2568.937744
7.982	2568.937744
7.985	2565.341797
7.989	2565.341797
7.993	2565.341797
7.997	2565.341797
